"Data Source","Jobs",

"Last Updated Date","2025-07-01",

"Country Name","Country Code","Indicator Name","Indicator Code","1990","1991","1992","1993","1994","1995","1996","1997","1998","1999","2000","2001","2002","2003","2004","2005","2006","2007","2008","2009","2010","2011","2012","2013","2014","2015","2016",
"Aruba","ABW","Rural population (% of total population)","SP.RUR.TOTL.ZS","49.681","49.696","50.002","50.412","50.823","51.233","51.644","52.054","52.464","52.873","53.283","53.661","54.028","54.394","54.76","55.125","55.489","55.853","56.217","56.579","56.941","57.06","57.043","57.01","56.959","56.892","56.808",
"Afghanistan","AFG","Rural population (% of total population)","SP.RUR.TOTL.ZS","78.823","78.734","78.645","78.556","78.466","78.376","78.286","78.195","78.105","78.014","77.922","77.831","77.739","77.647","77.5","77.297","77.093","76.887","76.68","76.472","76.263","76.052","75.84","75.627","75.413","75.197","74.98",
"Angola","AGO","Rural population (% of total population)","SP.RUR.TOTL.ZS","62.856","61.42","59.961","58.489","57","55.831","54.654","53.475","52.29","51.103","49.913","48.726","47.539","46.355","45.173","44","43.236","42.476","41.718","40.966","40.217","39.472","38.732","37.998","37.269","36.554","35.851",
"Albania","ALB","Rural population (% of total population)","SP.RUR.TOTL.ZS","63.572","63.3","62.751","62.201","61.646","61.089","60.527","59.965","59.399","58.831","58.259","57.565","56.499","55.427","54.349","53.269","52.185","51.098","50.009","48.924","47.837","46.753","45.67","44.613","43.577","42.566","41.579",
"Andorra","AND","Rural population (% of total population)","SP.RUR.TOTL.ZS","5.288","5.47","5.676","5.889","6.11","6.339","6.575","6.81999999999999","7.07299999999999","7.334","7.605","7.944","8.35899999999999","8.79300000000001","9.249","9.715","10.193","10.692","10.996","11.088","11.181","11.274","11.369","11.463","11.559","11.655","11.752",
"Arab World","ARB","Rural population (% of total population)","SP.RUR.TOTL.ZS","49.7000737830338","49.3258426865712","49.343979492904","48.9868136381305","48.7404759726003","48.2620862012013","48.0978230260837","47.8947955008697","47.6579775956261","47.4098284303325","47.158454707791","46.8952346486846","46.6312317771369","46.3461521248241","46.0410902106578","45.6740879176384","45.2742583475577","44.9843305880439","44.5489188952554","44.1144696999407","43.6818917677956","43.3303589358853","43.0264365813286","42.728862031485","42.4423946952437","42.1041290762636","41.787362823848",
"United Arab Emirates","ARE","Rural population (% of total population)","SP.RUR.TOTL.ZS","20.949","21.094","21.24","21.386","21.533","21.681","21.507","21.062","20.622","20.19","19.764","19.345","18.933","18.528","18.129","17.738","17.352","16.977","16.613","16.258","15.913","15.577","15.251","14.934","14.625","14.326","14.035",
"Argentina","ARG","Rural population (% of total population)","SP.RUR.TOTL.ZS","13.016","12.672","12.458","12.248","12.04","11.836","11.634","11.436","11.241","11.048","10.858","10.671","10.49","10.314","10.14","9.96899999999999","9.8","9.634","9.47","9.309","9.151","9.01000000000001","8.879","8.751","8.623","8.497","8.373",
"Armenia","ARM","Rural population (% of total population)","SP.RUR.TOTL.ZS","32.579","32.85","33.122","33.394","33.668","33.943","34.219","34.496","34.774","35.053","35.334","35.615","35.764","35.863","35.962","36.062","36.161","36.261","36.36","36.46","36.56","36.66","36.76","36.836","36.888","36.915","36.918",
"American Samoa","ASM","Rural population (% of total population)","SP.RUR.TOTL.ZS","19.052","18.114","17.211","16.346","15.515","14.72","13.957","13.229","12.533","11.869","11.413","11.509","11.606","11.703","11.802","11.9","12","12.1","12.201","12.303","12.406","12.498","12.58","12.652","12.712","12.762","12.802",
"Antigua and Barbuda","ATG","Rural population (% of total population)","SP.RUR.TOTL.ZS","64.574","64.535","64.915","65.291","65.666","66.039","66.41","66.779","67.145","67.51","67.873","68.26","68.902","69.536","70.163","70.782","71.394","71.998","72.595","73.182","73.762","74.297","74.474","74.65","74.825","75","75.154",
"Australia","AUS","Rural population (% of total population)","SP.RUR.TOTL.ZS","14.567","14.597","14.715","14.843","14.972","15.102","15.233","15.364","15.497","15.63","15.765","15.9","15.778","15.657","15.537","15.418","15.3","15.178","15.057","14.937","14.818","14.7","14.598","14.498","14.398","14.299","14.2",
"Austria","AUT","Rural population (% of total population)","SP.RUR.TOTL.ZS","37.04","37.311","37.583","37.856","38.13","38.404","38.68","38.955","39.232","39.509","39.787","40.066","40.345","40.625","40.906","41.187","41.468","41.751","42.034","42.317","42.601","42.885","42.853","42.664","42.474","42.285","42.095",
"Azerbaijan","AZE","Rural population (% of total population)","SP.RUR.TOTL.ZS","46.251","46.559","46.868","47.176","47.485","47.794","48.104","48.412","48.722","48.815","48.614","48.413","48.213","48.012","47.811","47.611","47.411","47.21","47.01","46.81","46.594","46.363","46.117","45.855","45.578","45.286","44.979",
"Burundi","BDI","Rural population (% of total population)","SP.RUR.TOTL.ZS","93.729","93.545","93.363","93.177","92.986","92.789","92.588","92.382","92.17","91.964","91.754","91.539","91.318","91.092","90.861","90.625","90.383","90.136","89.882","89.624","89.358","89.085","88.806","88.518","88.224","87.922","87.612",
"Belgium","BEL","Rural population (% of total population)","SP.RUR.TOTL.ZS","3.623","3.539","3.458","3.378","3.3","3.223","3.149","3.07599999999999","3.004","2.935","2.871","2.81399999999999","2.759","2.70399999999999","2.65000000000001","2.59699999999999","2.54600000000001","2.495","2.44499999999999","2.39700000000001","2.349","2.30200000000001","2.256","2.211","2.167","2.124","2.081",
"Benin","BEN","Rural population (% of total population)","SP.RUR.TOTL.ZS","65.515","64.753","64.173","63.864","63.553","63.242","62.929","62.615","62.301","61.985","61.667","61.35","60.964","60.464","59.961","59.457","58.951","58.442","57.931","57.42","56.907","56.392","55.875","55.358","54.834","54.305","53.771",
"Burkina Faso","BFA","Rural population (% of total population)","SP.RUR.TOTL.ZS","86.185","85.93","85.67","85.407","85.14","84.869","84.593","84.125","83.49","82.834","82.156","81.46","80.742","80.004","79.243","78.463","77.661","77.004","76.466","75.921","75.367","74.804","74.233","73.654","73.066","72.47","71.866",
"Bangladesh","BGD","Rural population (% of total population)","SP.RUR.TOTL.ZS","80.189","79.743","79.39","79.034","78.672","78.307","77.936","77.562","77.182","76.798","76.41","75.904","75.244","74.571","73.886","73.191","72.483","71.763","71.032","70.291","69.538","68.775","68.007","67.238","66.465","65.692","64.917",
"Bulgaria","BGR","Rural population (% of total population)","SP.RUR.TOTL.ZS","33.623","33.283","32.944","32.67","32.443","32.218","31.993","31.769","31.546","31.323","31.101","30.834","30.476","30.121","29.767","29.416","29.068","28.722","28.378","28.037","27.698","27.362","27.025","26.687","26.349","26.01","25.671",
"Bahrain","BHR","Rural population (% of total population)","SP.RUR.TOTL.ZS","11.86","11.671","11.602","11.605","11.608","11.612","11.615","11.618","11.621","11.624","11.628","11.631","11.627","11.617","11.601","11.578","11.548","11.512","11.47","11.421","11.366","11.305","11.238","11.165","11.085","11.001","10.91",
"Bahamas, The","BHS","Rural population (% of total population)","SP.RUR.TOTL.ZS","20.162","19.933","19.707","19.482","19.26","19.039","18.82","18.604","18.389","18.176","17.993","17.951","17.908","17.866","17.824","17.782","17.74","17.698","17.657","17.615","17.573","17.524","17.468","17.404","17.332","17.254","17.168",
"Bosnia and Herzegovina","BIH","Rural population (% of total population)","SP.RUR.TOTL.ZS","60.751","60.422","60.113","59.804","59.494","59.183","58.87","58.558","58.245","57.931","57.616","57.302","56.986","56.67","56.352","56.035","55.718","55.399","55.08","54.761","54.442","54.122","53.801","53.481","53.16","52.827","52.482",
"Belarus","BLR","Rural population (% of total population)","SP.RUR.TOTL.ZS","34.019","33.626","33.234","32.845","32.459","32.074","31.692","31.313","30.936","30.518","30.027","29.542","29.061","28.585","28.113","27.646","27.184","26.727","26.274","25.828","25.328","24.812","24.303","23.801","23.307","22.819","22.339",
"Belize","BLZ","Rural population (% of total population)","SP.RUR.TOTL.ZS","52.535","52.729","52.941","53.152","53.363","53.575","53.786","53.997","54.207","54.418","54.602","54.619","54.636","54.653","54.67","54.687","54.704","54.721","54.738","54.755","54.772","54.772","54.754","54.718","54.665","54.594","54.505",
"Bermuda","BMU","Rural population (% of total population)","SP.RUR.TOTL.ZS","0","0","0","0","0","0","0","0","0","0","0","0","0","0","0","0","0","0","0","0","0","0","0","0","0","0","0",
"Bolivia","BOL","Rural population (% of total population)","SP.RUR.TOTL.ZS","44.423","43.421","42.459","41.921","41.385","40.85","40.318","39.788","39.261","38.736","38.213","37.694","37.217","36.752","36.289","35.83","35.372","34.918","34.465","34.016","33.57","33.126","32.685","32.301","31.953","31.607","31.262",
"Brazil","BRA","Rural population (% of total population)","SP.RUR.TOTL.ZS","26.078","25.31","24.556","23.819","23.097","22.39","21.698","20.952","20.219","19.504","18.808","18.447","18.12","17.797","17.479","17.166","16.857","16.552","16.251","15.956","15.665","15.369","15.077","14.791","14.508","14.23","13.958",
"Barbados","BRB","Rural population (% of total population)","SP.RUR.TOTL.ZS","62.63","62.994","63.357","63.717","64.076","64.434","64.79","65.144","65.497","65.848","66.173","66.371","66.569","66.766","66.963","67.159","67.354","67.549","67.744","67.937","68.13","68.3","68.447","68.571","68.672","68.751","68.807",
"Brunei Darussalam","BRN","Rural population (% of total population)","SP.RUR.TOTL.ZS","33.562","33.415","32.922","32.396","31.874","31.356","30.842","30.334","29.83","29.331","28.836","28.348","27.954","27.579","27.206","26.837","26.471","26.108","25.748","25.392","25.039","24.69","24.344","24.003","23.668","23.337","23.01",
"Bhutan","BTN","Rural population (% of total population)","SP.RUR.TOTL.ZS","83.612","82.839","82.038","81.209","80.351","79.463","78.544","77.599","76.623","75.617","74.582","73.52","72.43","71.312","70.165","69.035","68.288","67.531","66.764","65.99","65.207","64.415","63.629","62.851","62.082","61.322","60.572",
"Botswana","BWA","Rural population (% of total population)","SP.RUR.TOTL.ZS","58.067","54.708","53.557","52.714","51.867","51.019","50.17","49.323","48.475","47.628","46.781","45.938","45.43","44.971","44.512","44.056","43.6","42.072","40.556","39.063","37.588","36.135","35.232","34.428","33.632","32.845","32.067",
"Central African Republic","CAF","Rural population (% of total population)","SP.RUR.TOTL.ZS","63.175","63.094","63.013","62.932","62.851","62.769","62.688","62.606","62.525","62.443","62.361","62.28","62.198","62.116","62.034","61.931","61.807","61.661","61.494","61.306","61.096","60.865","60.612","60.337","60.041","59.723","59.382",
"Canada","CAN","Rural population (% of total population)","SP.RUR.TOTL.ZS","23.418","23.38","23.113","22.848","22.586","22.325","22.049","21.66","21.276","20.897","20.522","20.19","20.112","20.033","19.955","19.878","19.787","19.604","19.422","19.242","19.063","18.904","18.863","18.822","18.782","18.741","18.7",
"Switzerland","CHE","Rural population (% of total population)","SP.RUR.TOTL.ZS","26.074","26.131","26.185","26.238","26.292","26.346","26.4","26.454","26.508","26.562","26.617","26.625","26.599","26.573","26.548","26.522","26.496","26.47","26.444","26.419","26.393","26.369","26.347","26.326","26.304","26.282","26.261",
"Channel Islands","CHI","Rural population (% of total population)","SP.RUR.TOTL.ZS","68.608","68.738","68.924","69.109","69.294","69.478","69.6","69.584","69.568","69.551","69.535","69.505","69.443","69.381","69.319","69.257","69.195","69.133","69.071","69.008","68.946","68.909","68.941","68.973","69.005","69.038","69.07",
"Chile","CHL","Rural population (% of total population)","SP.RUR.TOTL.ZS","16.729","16.602","16.436","16.104","15.777","15.455","15.139","14.828","14.523","14.222","13.927","13.637","13.394","13.335","13.275","13.217","13.158","13.1","13.041","12.983","12.926","12.868","12.811","12.754","12.697","12.64","12.578",
"China","CHN","Rural population (% of total population)","SP.RUR.TOTL.ZS","73.558","72.688","71.8","70.897","69.976","69.039","68.084","67.117","66.133","65.135","64.123","62.907","61.575","60.224","58.856","57.478","56.132","54.801","53.461","52.12","50.774","49.489","48.235","46.987","45.741","44.5","43.264",
"Cote d'Ivoire","CIV","Rural population (% of total population)","SP.RUR.TOTL.ZS","60.655","60.284","59.912","59.539","59.165","58.79","58.413","58.036","57.658","57.259","56.845","56.432","56.017","55.601","55.183","54.766","54.348","53.929","53.509","53.09","52.67","52.249","51.828","51.407","50.986","50.556","50.119",
"Cameroon","CMR","Rural population (% of total population)","SP.RUR.TOTL.ZS","60.343","59.765","59.183","58.601","58.015","57.427","56.836","56.245","55.652","55.056","54.458","53.861","53.262","52.662","52.06","51.459","50.857","50.254","49.65","49.046","48.441","47.836","47.231","46.627","46.024","45.422","44.821",
"Congo, Dem. Rep.","COD","Rural population (% of total population)","SP.RUR.TOTL.ZS","69.367","68.933","68.494","68.054","67.61","67.162","66.711","66.258","65.801","65.341","64.878","64.413","63.945","63.474","63","62.519","62.029","61.53","61.024","60.509","59.987","59.456","58.918","58.373","57.82","57.26","56.693",
"Congo, Rep.","COG","Rural population (% of total population)","SP.RUR.TOTL.ZS","45.676","45.257","44.838","44.42","44.004","43.587","43.168","42.701","42.234","41.769","41.305","40.844","40.383","39.924","39.467","39.012","38.559","38.107","37.654","37.2","36.744","36.288","35.831","35.373","34.915","34.457","33.999",
"Colombia","COL","Rural population (% of total population)","SP.RUR.TOTL.ZS","30.519","30.051","29.585","29.126","28.672","28.223","27.777","27.338","26.902","26.47","26.043","25.621","25.203","24.789","24.38","23.976","23.577","23.184","22.796","22.413","22.036","21.665","21.299","20.939","20.585","20.236","19.892",
"Comoros","COM","Rural population (% of total population)","SP.RUR.TOTL.ZS","72.131","71.634","71.565","71.61","71.654","71.699","71.743","71.787","71.832","71.876","71.92","71.964","72.008","72.053","72.097","72.125","72.137","72.133","72.114","72.079","72.027","71.96","71.877","71.777","71.662","71.53","71.381",
"Cabo Verde","CPV","Rural population (% of total population)","SP.RUR.TOTL.ZS","55.88","54.956","54.027","53.098","52.166","51.232","50.296","49.363","48.428","47.495","46.565","45.709","44.854","44.003","43.154","42.311","41.471","40.637","39.806","38.984","38.179","37.678","37.179","36.683","36.19","35.7","35.216",
"Costa Rica","CRI","Rural population (% of total population)","SP.RUR.TOTL.ZS","49.997","49.083","48.168","47.257","46.347","45.439","44.533","43.633","42.736","41.843","40.948","39.59","38.247","36.92","35.612","34.328","33.065","31.826","30.61","29.425","28.264","27.132","26.054","25.03","24.059","23.138","22.265",
"Cuba","CUB","Rural population (% of total population)","SP.RUR.TOTL.ZS","26.636","26.324","26.173","26.023","25.873","25.723","25.574","25.382","25.145","24.911","24.677","24.445","24.215","24.053","23.959","23.866","23.773","23.68","23.587","23.495","23.403","23.311","23.219","23.173","23.139","23.104","23.07",
"Curacao","CUW","Rural population (% of total population)","SP.RUR.TOTL.ZS","15.322","15.053","14.556","13.776","13.031","12.32","11.642","10.998","10.385","9.80200000000001","9.248","8.989","9.10599999999999","9.22499999999999","9.345","9.46599999999999","9.589","9.71299999999999","9.839","9.96599999999999","10.095","10.225","10.346","10.456","10.557","10.648","10.728",
"Cayman Islands","CYM","Rural population (% of total population)","SP.RUR.TOTL.ZS","0","0","0","0","0","0","0","0","0","0","0","0","0","0","0","0","0","0","0","0","0","0","0","0","0","0","0",
"Cyprus","CYP","Rural population (% of total population)","SP.RUR.TOTL.ZS","33.224","32.812","32.402","32.208","32.085","31.962","31.839","31.717","31.595","31.473","31.352","31.231","31.306","31.447","31.59","31.732","31.875","32.018","32.161","32.305","32.449","32.594","32.739","32.863","32.969","33.054","33.119",
"Czech Republic","CZE","Rural population (% of total population)","SP.RUR.TOTL.ZS","24.78","24.842","24.97","25.099","25.228","25.357","25.487","25.618","25.749","25.88","26.012","26.123","26.191","26.26","26.329","26.398","26.467","26.537","26.606","26.676","26.745","26.815","26.803","26.71","26.616","26.523","26.43",
"Germany","DEU","Rural population (% of total population)","SP.RUR.TOTL.ZS","26.882","26.731","26.64","26.503","26.29","26.078","25.867","25.658","25.449","25.242","25.035","24.83","24.626","24.423","24.221","24.02","23.821","23.622","23.425","23.229","23.034","22.84","22.83","22.82","22.81","22.8","22.776",
"Djibouti","DJI","Rural population (% of total population)","SP.RUR.TOTL.ZS","24.043","23.886","23.839","23.793","23.746","23.7","23.653","23.607","23.561","23.515","23.468","23.422","23.376","23.33","23.284","23.239","23.193","23.147","23.101","23.056","23.001","22.936","22.862","22.778","22.686","22.583","22.472",
"Dominica","DMA","Rural population (% of total population)","SP.RUR.TOTL.ZS","36.921","35.518","35.431","35.344","35.256","35.169","35.082","34.995","34.908","34.821","34.735","34.618","34.311","34.006","33.701","33.399","33.097","32.797","32.498","32.201","31.906","31.611","31.315","31.018","30.72","30.421","30.12",
"Denmark","DNK","Rural population (% of total population)","SP.RUR.TOTL.ZS","15.157","15.129","15.102","15.075","15.048","15.021","14.994","14.967","14.94","14.914","14.9","14.85","14.75","14.64","14.434","14.144","13.902","13.707","13.513","13.346","13.205","13.043","12.858","12.708","12.59","12.474","12.358",
"Dominican Republic","DOM","Rural population (% of total population)","SP.RUR.TOTL.ZS","44.774","44.503","44.233","43.963","43.248","42.402","41.559","40.724","39.893","39.067","38.247","37.435","36.629","35.395","33.997","32.63","31.29","29.98","28.7","27.458","26.247","25.173","24.198","23.251","22.33","21.434","20.564",
"Algeria","DZA","Rural population (% of total population)","SP.RUR.TOTL.ZS","47.915","47.129","46.343","45.561","44.781","44.003","43.226","42.456","41.687","40.882","40.081","39.288","38.499","37.716","36.939","36.17","35.407","34.652","33.903","33.174","32.46","31.764","31.085","30.424","29.779","29.152","28.541",
"East Asia & Pacific (excluding high income)","EAP","Rural population (% of total population)","SP.RUR.TOTL.ZS","71.8934578577697","71.117368473937","70.3161921146856","69.5022479848348","68.6743390197111","67.8334774006147","66.9775408149051","66.1125756161218","65.2346812515492","64.3453385886607","63.4312026624793","62.4024340576567","61.2933752348522","60.1722285806353","59.040280593057","57.904124666101","56.7924774620152","55.6928116807428","54.5881742379678","53.4829463576045","52.3762712092781","51.3343013101515","50.3200638782868","49.312767663912","48.3085958277644","47.3094556716543","46.3142406431906",
"East Asia & Pacific","EAS","Rural population (% of total population)","SP.RUR.TOTL.ZS","66.0380237716107","65.3465090573557","64.6445277517645","63.9288046862471","63.1951665252535","62.4444159382303","61.6847225649864","60.9283918162188","60.1588249641403","59.3801514081147","58.5737745051203","57.5823849238818","56.4985784824867","55.4140097365031","54.3265166419441","53.2425429369627","52.1889675702818","51.1540247814247","50.112622886587","49.0804704469241","48.0521970841766","47.1200769617788","46.2221284835501","45.3317760139923","44.4426489439137","43.5567807581117","42.6748260293565",
"Europe & Central Asia (excluding high income)","ECA","Rural population (% of total population)","SP.RUR.TOTL.ZS","36.971608148733","36.8209916260325","36.7302502536453","36.6693730928854","36.6016075044369","36.5191765710464","36.4485419530517","36.380594783565","36.3102463331675","36.2337479574743","36.1480014570006","36.0326905439312","35.8881205627314","35.7118481978576","35.5282267394576","35.3396782568098","35.1492809712921","34.9498210545084","34.7492745868813","34.5583542001976","34.3795495423849","34.2175331875506","34.0639939763266","33.9101165437334","33.7526704762792","33.5904483553256","33.422134444823",
"Europe & Central Asia","ECS","Rural population (% of total population)","SP.RUR.TOTL.ZS","32.4073832603322","32.2744792149118","32.1686199731435","32.0735987822741","31.9635767103575","31.8485389741907","31.7371318462155","31.6331204923324","31.5254898589697","31.4131944469125","31.2846064777817","31.1324318483394","30.9319662009802","30.7218456607542","30.510204188901","30.2962877590925","30.083068735316","29.8681033813827","29.6559970826503","29.455496400842","29.261831298098","29.083742832143","28.9089545186476","28.7366564903106","28.5648828818266","28.3859086335715","28.2018888598539",
"Ecuador","ECU","Rural population (% of total population)","SP.RUR.TOTL.ZS","44.91","44.291","43.774","43.26","42.746","42.234","41.723","41.215","40.709","40.204","39.701","39.201","38.882","38.684","38.486","38.289","38.093","37.896","37.7","37.505","37.31","37.149","37.012","36.875","36.739","36.602","36.466",
"Egypt, Arab Rep.","EGY","Rural population (% of total population)","SP.RUR.TOTL.ZS","56.522","56.655","56.788","56.921","57.054","57.186","57.319","57.342","57.296","57.25","57.203","57.157","57.111","57.065","57.019","56.973","56.927","56.922","56.942","56.961","56.981","57","57.054","57.107","57.161","57.215","57.268",
"Euro area","EMU","Rural population (% of total population)","SP.RUR.TOTL.ZS","28.7774572333925","28.6169267682323","28.467991705526","28.3038015732991","28.1214249278177","27.9436661277028","27.7677248876178","27.5941045290488","27.4224826110314","27.2462847895856","27.0578335674302","26.852754988757","26.6092213134846","26.3586138303766","26.1131204967862","25.8700297145265","25.6321680869753","25.4033717869569","25.1768519292828","24.9491091843576","24.7183017020089","24.4903501034585","24.2749110292993","24.0693623305371","23.8718620168773","23.6602979635905","23.4456891027617",
"Eritrea","ERI","Rural population (% of total population)","SP.RUR.TOTL.ZS","81.095","80.41","79.706","78.985","78.245","77.486","76.707","75.912","75.097","74.265","73.413","72.545","71.659","70.756","69.836","68.901","67.949","66.983","66","65.415","64.825","64.229","63.628","63.021","62.41","61.794","61.173",
"Spain","ESP","Rural population (% of total population)","SP.RUR.TOTL.ZS","24.649","24.472","24.39","24.308","24.226","24.144","24.062","23.981","23.9","23.819","23.738","23.657","23.467","23.222","22.978","22.737","22.498","22.26","22.024","21.79","21.558","21.327","21.098","20.867","20.634","20.398","20.16",
"Estonia","EST","Rural population (% of total population)","SP.RUR.TOTL.ZS","28.769","28.954","29.14","29.326","29.513","29.7","29.889","30.077","30.267","30.457","30.632","30.758","30.884","31.011","31.138","31.265","31.393","31.521","31.649","31.777","31.906","32.035","32.026","31.878","31.731","31.584","31.437",
"Ethiopia","ETH","Rural population (% of total population)","SP.RUR.TOTL.ZS","87.379","87.133","86.884","86.63","86.373","86.173","85.994","85.814","85.631","85.447","85.26","85.073","84.882","84.69","84.496","84.3","84.101","83.884","83.49","83.09","82.681","82.265","81.84","81.425","81.002","80.572","80.134",
"European Union","EUU","Rural population (% of total population)","SP.RUR.TOTL.ZS","29.5779875290171","29.4086419524444","29.2665663363297","29.1516887373424","29.0191573287576","28.8893797975005","28.7538748711744","28.631205115523","28.5042495709486","28.3783148985348","28.2287601986253","28.0574486168876","27.8193856028941","27.5876158419849","27.3588439226969","27.1289209990314","26.9003407912243","26.6692358670845","26.4391558575404","26.2180036250385","25.9955136828924","25.7769540939179","25.5726575213775","25.3756189970311","25.1826841211596","24.9773884304567","24.7666870950502",
"Finland","FIN","Rural population (% of total population)","SP.RUR.TOTL.ZS","20.633","20.157","19.872","19.591","19.312","19.037","18.777","18.534","18.293","18.054","17.817","17.632","17.497","17.362","17.228","17.095","16.963","16.832","16.701","16.571","16.23","15.687","15.159","14.875","14.825","14.775","14.725",
"Fiji","FJI","Rural population (% of total population)","SP.RUR.TOTL.ZS","58.389","57.619","56.844","56.067","55.287","54.504","53.718","53.268","52.877","52.485","52.092","51.7","51.308","50.915","50.521","50.129","49.736","49.343","48.854","48.342","47.829","47.317","46.804","46.294","45.784","45.274","44.765",
"France","FRA","Rural population (% of total population)","SP.RUR.TOTL.ZS","25.944","25.771","25.599","25.428","25.257","25.088","24.918","24.75","24.583","24.386","24.129","23.873","23.62","23.368","23.117","22.87","22.623","22.379","22.132","21.883","21.631","21.378","21.122","20.865","20.606","20.345","20.083",
"Faroe Islands","FRO","Rural population (% of total population)","SP.RUR.TOTL.ZS","69.406","68.846","68.128","67.404","66.67","65.929","65.178","64.646","64.346","64.14","63.663","62.825","61.978","61.286","60.753","60.219","59.853","59.659","59.464","59.269","59.074","58.912","58.775","58.637","58.499","58.362","58.223",
"Micronesia, Fed. Sts.","FSM","Rural population (% of total population)","SP.RUR.TOTL.ZS","74.182","74.248","74.314","74.38","74.446","74.932","75.527","76.111","76.686","77.251","77.67","77.67","77.67","77.67","77.67","77.67","77.676","77.683","77.689","77.695","77.702","77.695","77.676","77.645","77.601","77.544","77.474",
"Gabon","GAB","Rural population (% of total population)","SP.RUR.TOTL.ZS","30.857","29.538","28.251","27.001","26.079","25.203","24.346","23.51","22.694","21.898","21.121","20.367","19.632","18.917","18.222","17.548","16.893","16.258","15.641","15.045","14.467","13.908","13.366","12.844","12.349","11.882","11.441",
"United Kingdom","GBR","Rural population (% of total population)","SP.RUR.TOTL.ZS","21.86","21.888","21.828","21.768","21.707","21.647","21.587","21.528","21.468","21.409","21.349","21.249","20.953","20.661","20.371","20.085","19.801","19.521","19.243","18.969","18.698","18.43","18.163","17.898","17.635","17.374","17.114",
"Georgia","GEO","Rural population (% of total population)","SP.RUR.TOTL.ZS","44.962","45.201","45.441","45.68","45.92","46.159","46.4","46.64","46.88","47.121","47.362","47.602","47.559","47.17","46.782","46.395","46.008","45.621","45.235","44.85","44.465","44.081","43.697","43.315","42.933","42.552","42.163",
"Ghana","GHA","Rural population (% of total population)","SP.RUR.TOTL.ZS","63.559","62.83","62.095","61.356","60.61","59.86","59.104","58.346","57.582","56.816","56.071","55.399","54.725","54.049","53.37","52.692","52.012","51.331","50.649","49.969","49.287","48.606","47.927","47.252","46.581","45.914","45.251",
"Gibraltar","GIB","Rural population (% of total population)","SP.RUR.TOTL.ZS","0","0","0","0","0","0","0","0","0","0","0","0","0","0","0","0","0","0","0","0","0","0","0","0","0","0","0",
"Guinea","GIN","Rural population (% of total population)","SP.RUR.TOTL.ZS","71.974","71.688","71.399","71.11","70.818","70.525","70.23","69.948","69.677","69.405","69.131","68.856","68.58","68.302","68.023","67.743","67.461","67.178","66.894","66.609","66.322","66.034","65.745","65.455","65.164","64.859","64.54",
"Gambia, The","GMB","Rural population (% of total population)","SP.RUR.TOTL.ZS","61.688","60.59","59.48","58.414","57.528","56.638","55.742","54.845","53.943","53.039","52.132","51.225","50.317","49.445","48.712","47.98","47.249","46.519","45.789","45.063","44.338","43.616","42.895","42.18","41.472","40.772","40.082",
"Guinea-Bissau","GNB","Rural population (% of total population)","SP.RUR.TOTL.ZS","69.17","67.61","66.729","66.365","65.998","65.629","65.258","64.886","64.512","64.135","63.757","63.378","62.996","62.613","62.228","61.843","61.455","61.066","60.675","60.284","59.889","59.492","59.092","58.69","58.285","57.877","57.467",
"Equatorial Guinea","GNQ","Rural population (% of total population)","SP.RUR.TOTL.ZS","65.255","64.252","63.234","62.208","61.169","59.506","57.813","56.107","54.384","52.65","50.908","49.168","47.427","45.693","43.967","42.26","40.569","38.9","37.255","35.642","34.06","32.512","31","30.456","29.917","29.384","28.862",
"Greece","GRC","Rural population (% of total population)","SP.RUR.TOTL.ZS","28.533","28.365","28.243","28.122","28.002","27.881","27.761","27.642","27.522","27.403","27.284","27.087","26.697","26.311","25.927","25.548","25.173","24.801","24.432","24.068","23.708","23.351","22.996","22.645","22.298","21.954","21.613",
"Grenada","GRD","Rural population (% of total population)","SP.RUR.TOTL.ZS","66.573","66.497","66.256","66.015","65.773","65.53","65.286","65.041","64.796","64.55","64.302","64.081","64.087","64.093","64.099","64.105","64.111","64.117","64.123","64.129","64.135","64.141","64.131","64.104","64.062","64.003","63.928",
"Greenland","GRL","Rural population (% of total population)","SP.RUR.TOTL.ZS","20.302","19.967","19.699","19.497","19.297","19.098","18.9","18.774","18.649","18.524","18.4","18.151","17.905","17.662","17.42","17.142","16.828","16.518","16.213","15.913","15.617","15.245","14.8","14.449","14.187","13.929","13.674",
"Guatemala","GTM","Rural population (% of total population)","SP.RUR.TOTL.ZS","58.008","57.677","57.345","57.013","56.68","56.346","56.011","55.677","55.341","55.005","54.668","54.332","53.995","53.682","53.384","53.087","52.79","52.492","52.193","51.896","51.597","51.299","51","50.689","50.366","50.029","49.681",
"Guam","GUM","Rural population (% of total population)","SP.RUR.TOTL.ZS","9.20399999999999","8.93899999999999","8.68000000000001","8.429","8.184","7.94499999999999","7.71299999999999","7.48699999999999","7.267","7.054","6.871","6.767","6.666","6.565","6.46599999999999","6.369","6.273","6.178","6.084","5.992","5.901","5.812","5.723","5.636","5.551","5.46599999999999","5.383",
"Guyana","GUY","Rural population (% of total population)","SP.RUR.TOTL.ZS","70.417","70.507","70.596","70.685","70.774","70.863","70.952","71.041","71.129","71.218","71.306","71.394","71.482","71.693","71.936","72.178","72.418","72.657","72.895","73.131","73.366","73.6","73.6","73.6","73.586","73.559","73.518",
"High income","HIC","Rural population (% of total population)","SP.RUR.TOTL.ZS","25.3377688005837","25.0560504916835","24.8487804984184","24.6007249614862","24.3450312828035","24.0613968688256","23.8181403024685","23.5914050123193","23.3612839441821","23.1361924844108","22.911853994463","22.5808023195274","22.1965137480778","21.8355093594067","21.4855831385833","21.1482540059694","20.8375100455312","20.5435947411197","20.257816099649","19.982318054234","19.7134556311474","19.5051284246899","19.331198036288","19.1623325215412","18.9949694475042","18.8226742176411","18.6491033537265",
"Hong Kong SAR, China","HKG","Rural population (% of total population)","SP.RUR.TOTL.ZS","0.483000000000004","0.168000000000006","0.0210000000000008","0","0","0","0","0","0","0","0","0","0","0","0","0","0","0","0","0","0","0","0","0","0","0","0",
"Honduras","HND","Rural population (% of total population)","SP.RUR.TOTL.ZS","59.54","59.047","58.552","58.057","57.559","57.059","56.558","56.056","55.553","55.048","54.542","54.036","53.39","52.733","52.073","51.415","50.755","50.095","49.434","48.775","48.115","47.457","46.798","46.142","45.486","44.835","44.187",
"Heavily indebted poor countries (HIPC)","HPC","Rural population (% of total population)","SP.RUR.TOTL.ZS","74.5980180831662","74.173861445841","73.7615742334727","73.3788807717988","73.0647358587692","72.7655389149758","72.4757853830638","72.1761234376358","71.889464921524","71.6035057581672","71.3157164533287","70.9927760431109","70.6587258647895","70.3107380116255","69.9649821571711","69.6007774677027","69.227426792933","68.9155356377024","68.4838113981197","68.0484317521502","67.6067482334748","67.1597911546198","66.7288858299566","66.2961520168297","65.8568501116942","65.409222504138","64.9536512256916",
"Croatia","HRV","Rural population (% of total population)","SP.RUR.TOTL.ZS","48.963","48.643","48.412","48.182","47.952","47.721","47.491","47.261","47.032","46.802","46.572","46.358","46.19","46.021","45.853","45.685","45.517","45.349","45.181","45.013","44.845","44.678","44.494","44.294","44.077","43.845","43.597",
"Haiti","HTI","Rural population (% of total population)","SP.RUR.TOTL.ZS","71.49","70.359","69.2","68.61","68.013","67.41","66.8","66.208","65.611","65.008","64.4","62.749","61.065","59.355","58.321","57.362","56.396","55.426","54.449","53.472","52.491","51.508","50.523","49.54","48.556","47.573","46.604",
"Hungary","HUN","Rural population (% of total population)","SP.RUR.TOTL.ZS","34.162","34.287","34.413","34.539","34.665","34.791","34.917","35.044","35.171","35.298","35.425","35.33","34.919","34.511","34.104","33.635","33.105","32.579","32.057","31.54","31.089","30.642","30.322","30.047","29.773","29.5","29.221",
"Indonesia","IDN","Rural population (% of total population)","SP.RUR.TOTL.ZS","69.416","68.387","67.297","66.192","65.067","63.924","62.765","61.594","60.407","59.208","57.998","57.217","56.432","55.644","54.851","54.058","53.262","52.465","51.665","50.866","50.086","49.405","48.724","48.045","47.365","46.687","46.011",
"Isle of Man","IMN","Rural population (% of total population)","SP.RUR.TOTL.ZS","48.254","48.255","48.246","48.236","48.227","48.217","48.208","48.2","48.192","48.185","48.177","48.167","48.149","48.131","48.113","48.095","48.078","48.06","48.042","48.024","48.006","47.988","47.954","47.904","47.838","47.755","47.657",
"India","IND","Rural population (% of total population)","SP.RUR.TOTL.ZS","74.453","74.222","74.016","73.809","73.601","73.393","73.183","72.972","72.76","72.547","72.333","72.082","71.756","71.428","71.097","70.765","70.431","70.094","69.754","69.413","69.07","68.724","68.366","67.997","67.616","67.223","66.818",
"Ireland","IRL","Rural population (% of total population)","SP.RUR.TOTL.ZS","43.071","42.927","42.707","42.488","42.269","42.051","41.827","41.581","41.336","41.09","40.845","40.601","40.351","40.075","39.798","39.523","39.262","39.06","38.859","38.658","38.458","38.258","38.058","37.859","37.66","37.462","37.263",
"Iran, Islamic Rep.","IRN","Rural population (% of total population)","SP.RUR.TOTL.ZS","43.67","43.135","42.347","41.481","40.62","39.764","38.913","38.147","37.412","36.682","35.958","35.242","34.532","33.828","33.131","32.442","31.761","31.136","30.542","29.955","29.374","28.8","28.245","27.705","27.17","26.642","26.12",
"Iraq","IRQ","Rural population (% of total population)","SP.RUR.TOTL.ZS","30.294","30.478","30.663","30.848","31.034","31.22","31.407","31.595","31.612","31.558","31.504","31.45","31.396","31.342","31.288","31.234","31.181","31.127","31.073","31.02","30.897","30.732","30.568","30.405","30.242","30.079","29.906",
"Iceland","ISL","Rural population (% of total population)","SP.RUR.TOTL.ZS","9.25","9.068","8.88800000000001","8.71299999999999","8.54000000000001","8.37","8.203","8.04000000000001","7.879","7.733","7.599","7.468","7.33799999999999","7.211","7.086","6.96299999999999","6.84099999999999","6.72199999999999","6.605","6.489","6.426","6.413","6.40000000000001","6.367","6.333","6.3","6.265",
"Israel","ISR","Rural population (% of total population)","SP.RUR.TOTL.ZS","9.64100000000001","9.53700000000001","9.435","9.334","9.233","9.134","9.057","8.991","8.926","8.861","8.797","8.733","8.67","8.607","8.544","8.482","8.42","8.35899999999999","8.298","8.23699999999999","8.17400000000001","8.108","8.04000000000001","7.96899999999999","7.896","7.821","7.744",
"Italy","ITA","Rural population (% of total population)","SP.RUR.TOTL.ZS","33.274","33.294","33.258","33.198","33.138","33.078","33.018","32.958","32.898","32.838","32.778","32.718","32.618","32.499","32.38","32.262","32.144","32.026","31.908","31.791","31.673","31.556","31.316","31.021","30.728","30.435","30.145",
"Jamaica","JAM","Rural population (% of total population)","SP.RUR.TOTL.ZS","50.556","50.344","50.104","49.864","49.625","49.385","49.145","48.905","48.665","48.426","48.186","47.947","47.749","47.563","47.375","47.189","47.002","46.816","46.629","46.443","46.257","46.07","45.868","45.65","45.416","45.167","44.902",
"Jordan","JOR","Rural population (% of total population)","SP.RUR.TOTL.ZS","26.709","25.545","24.414","23.32","22.26","21.793","21.78","21.768","21.755","21.742","21.73","21.717","21.704","21.692","21.679","20.515","19.03","17.629","16.308","15.072","13.912","12.828","11.815","10.875","10","9.744","9.494",
"Japan","JPN","Rural population (% of total population)","SP.RUR.TOTL.ZS","22.661","22.527","22.39","22.254","22.119","21.984","21.855","21.728","21.602","21.477","21.351","20.01","18.353","16.804","15.36","14.022","12.882","11.854","10.897","10.011","9.188","8.931","8.852","8.774","8.696","8.619","8.54300000000001",
"Kazakhstan","KAZ","Rural population (% of total population)","SP.RUR.TOTL.ZS","43.734","43.825","43.917","44.008","44.1","44.079","44.057","44.036","44.014","43.975","43.902","43.829","43.756","43.683","43.61","43.537","43.464","43.391","43.318","43.245","43.173","43.1","43.027","42.954","42.882","42.809","42.736",
"Kenya","KEN","Rural population (% of total population)","SP.RUR.TOTL.ZS","83.252","82.957","82.658","82.355","82.048","81.737","81.421","81.102","80.778","80.45","80.108","79.761","79.409","79.052","78.69","78.325","77.955","77.58","77.2","76.817","76.429","76.031","75.624","75.206","74.779","74.342","73.895",
"Kyrgyz Republic","KGZ","Rural population (% of total population)","SP.RUR.TOTL.ZS","62.223","62.51","62.797","63.082","63.367","63.651","63.934","64.215","64.496","64.7","64.702","64.704","64.705","64.707","64.708","64.71","64.711","64.713","64.715","64.716","64.694","64.648","64.577","64.483","64.365","64.223","64.056",
"Cambodia","KHM","Rural population (% of total population)","SP.RUR.TOTL.ZS","84.454","84.113","83.766","83.413","83.054","82.689","82.317","81.94","81.645","81.53","81.414","81.297","81.18","81.063","80.945","80.826","80.707","80.587","80.429","80.07","79.706","79.337","78.963","78.585","78.201","77.812","77.418",
"Kiribati","KIR","Rural population (% of total population)","SP.RUR.TOTL.ZS","65.013","64.728","64.445","64.161","63.877","63.591","62.614","61.248","59.862","58.46","57.042","56.527","56.508","56.488","56.468","56.449","55.97","55.134","54.294","53.453","52.61","51.765","50.918","50.073","49.227","48.381","47.55",
"St. Kitts and Nevis","KNA","Rural population (% of total population)","SP.RUR.TOTL.ZS","65.391","65.526","65.717","65.907","66.096","66.285","66.474","66.661","66.849","67.035","67.222","67.402","67.545","67.688","67.83","67.972","68.114","68.256","68.397","68.537","68.678","68.818","68.938","69.036","69.115","69.173","69.21",
"Korea, Rep.","KOR","Rural population (% of total population)","SP.RUR.TOTL.ZS","26.156","25.028","24.18","23.355","22.548","21.761","21.338","21.095","20.855","20.616","20.379","20.06","19.701","19.348","18.998","18.655","18.472","18.369","18.267","18.165","18.064","18.077","18.149","18.221","18.293","18.366","18.438",
"Kuwait","KWT","Rural population (% of total population)","SP.RUR.TOTL.ZS","2.026","2.012","1.998","1.98399999999999","1.971","1.904","1.675","1.473","1.295","1.13800000000001","1","0.0919999999999987","0","0","0","0","0","0","0","0","0","0","0","0","0","0","0",
"Latin America & Caribbean (excluding high income)","LAC","Rural population (% of total population)","SP.RUR.TOTL.ZS","31.2964986265388","30.7286099538498","30.1780761926564","29.6487610866846","29.1138205062333","28.5838983751538","28.0791317853166","27.5639959130339","27.0539095864909","26.5615644702471","26.0723622020106","25.6801556081254","25.3206443671562","24.9649090666472","24.6250999418126","24.291947678953","23.9623978637334","23.6368447678765","23.318426265662","23.0084423032401","22.7019429623114","22.3977162059888","22.0991850103737","21.8071871676345","21.5187792447397","21.2340673709934","20.9534466889683",
"Lao PDR","LAO","Rural population (% of total population)","SP.RUR.TOTL.ZS","84.563","84.218","83.867","83.51","83.146","82.622","81.766","80.88","79.961","79.009","78.023","77.007","75.956","74.874","73.758","72.814","72.252","71.684","71.107","70.525","69.936","69.34","68.736","68.128","67.513","66.892","66.264",
"Lebanon","LBN","Rural population (% of total population)","SP.RUR.TOTL.ZS","16.88","16.528","16.182","15.843","15.509","15.18","14.858","14.541","14.23","14.115","14","13.882","13.76","13.634","13.506","13.373","13.238","13.099","12.958","12.813","12.666","12.516","12.364","12.21","12.053","11.894","11.734",
"Liberia","LBR","Rural population (% of total population)","SP.RUR.TOTL.ZS","44.578","42","44.981","47.991","51.019","54.04","57.036","56.696","56.354","56.012","55.669","55.327","54.983","54.639","54.294","53.949","53.604","53.258","52.912","52.555","52.187","51.807","51.417","51.015","50.603","50.18","49.746",
"Libya","LBY","Rural population (% of total population)","SP.RUR.TOTL.ZS","24.277","24.223","24.168","24.114","24.06","24.006","23.952","23.886","23.807","23.716","23.613","23.498","23.371","23.232","23.081","22.92","22.747","22.563","22.368","22.163","21.948","21.723","21.488","21.244","20.991","20.73","20.46",
"St. Lucia","LCA","Rural population (% of total population)","SP.RUR.TOTL.ZS","70.651","70.428","70.631","70.833","71.035","71.235","71.435","71.634","71.832","72.029","72.226","72.527","73.671","74.784","75.867","76.915","77.932","78.916","79.869","80.787","81.55","81.55","81.55","81.539","81.518","81.485","81.442",
"Latin America & Caribbean","LCN","Rural population (% of total population)","SP.RUR.TOTL.ZS","29.3186296480632","28.7953639478055","28.2953939765595","27.8085584645137","27.3166323308351","26.8291838283479","26.3633876956827","25.8888076542912","25.4176516295394","24.9635301938571","24.5130866285154","24.1518638230953","23.8206387293927","23.4979377819395","23.1891046245418","22.8863779894583","22.5870536135736","22.2914387879699","22.001906483896","21.7196228683263","21.4401803679713","21.1639088806024","20.8930671457841","20.6276187031734","20.3652072815457","20.1057479878351","19.8495039936997",
"Least developed countries: UN classification","LDC","Rural population (% of total population)","SP.RUR.TOTL.ZS","78.4980183209706","78.0709265874596","77.6649128826951","77.2719807542366","76.9300126085955","76.6052788664571","76.2839605462093","75.9552182962923","75.6340063866729","75.3124781396689","74.9830173479654","74.5977450649604","74.1803931647699","73.7477658030914","73.3136690907547","72.8665283357604","72.4256552786231","72.0287641786867","71.5421492764985","71.0472460958538","70.5447355108212","70.035724822557","69.5376521183212","69.0371979955715","68.530694820341","68.0178710451636","67.4985920195412",
"Low income","LIC","Rural population (% of total population)","SP.RUR.TOTL.ZS","76.2412959003028","75.9043486092432","75.5740298805408","75.2624596365333","74.9746086506148","74.700707589862","74.4362841255728","74.1618806090344","73.899529571766","73.6359701843813","73.3632175177151","73.0642821583597","72.7748978469413","72.4814691884635","72.1880494744025","71.8712426989393","71.5401200547925","71.2681933998095","70.8747870338063","70.4827572624017","70.0952894773192","69.7609021948068","69.4480417963139","69.1309262644894","68.7980512504305","68.3997258089961","67.9858520223878",
"Liechtenstein","LIE","Rural population (% of total population)","SP.RUR.TOTL.ZS","83.072","83.179","83.264","83.349","83.434","83.518","83.71","84.006","84.298","84.586","84.87","85.038","85.094","85.15","85.205","85.261","85.316","85.371","85.426","85.481","85.536","85.59","85.633","85.666","85.687","85.697","85.697",
"Sri Lanka","LKA","Rural population (% of total population)","SP.RUR.TOTL.ZS","81.465","81.48","81.496","81.511","81.527","81.542","81.558","81.573","81.589","81.604","81.62","81.635","81.651","81.666","81.681","81.697","81.712","81.728","81.743","81.758","81.774","81.789","81.804","81.802","81.782","81.744","81.689",
"Lower middle income","LMC","Rural population (% of total population)","SP.RUR.TOTL.ZS","70.2664509102801","69.9367117196624","69.615260433006","69.2951519569151","68.9880057647576","68.6885543152155","68.3853987883644","68.0762650920682","67.7636519652103","67.4520026202191","67.1313729340012","66.8046167645726","66.4263734672378","66.0402625445105","65.6471827238865","65.2472565692844","64.8450902021104","64.4378982120869","64.0240675682609","63.6044230421637","63.1789296015307","62.7533691720078","62.32545100456","61.8912283570179","61.4512996225624","61.0035243168","60.5501359981358",
"Low & middle income","LMY","Rural population (% of total population)","SP.RUR.TOTL.ZS","64.6734554686679","64.20962854297","63.7493900721053","63.2911673235517","62.8371366746709","62.3835348261432","61.9289938765819","61.4691797544073","61.005477231999","60.5407734388237","60.0674743647866","59.5437390515101","58.9739505549196","58.3963168391223","57.8142946668591","57.2269559727919","56.6477969867504","56.0792779729641","55.4961761749979","54.9120047129175","54.3267780918221","53.7688066782003","53.2219823345995","52.6763744625253","52.1303866778211","51.5805228348292","51.0315610691466",
"Lesotho","LSO","Rural population (% of total population)","SP.RUR.TOTL.ZS","86.033","85.473","84.894","84.297","83.681","83.045","82.429","81.951","81.462","80.962","80.452","79.933","79.403","78.863","78.311","77.751","77.18","76.696","76.204","75.707","75.202","74.69","74.296","73.899","73.498","73.092","72.683",
"Lithuania","LTU","Rural population (% of total population)","SP.RUR.TOTL.ZS","32.417","32.477","32.536","32.596","32.655","32.715","32.775","32.834","32.894","32.954","33.014","33.081","33.172","33.263","33.354","33.365","33.294","33.223","33.152","33.158","33.243","33.259","33.136","33.014","32.892","32.77","32.634",
"Luxembourg","LUX","Rural population (% of total population)","SP.RUR.TOTL.ZS","19.053","18.87","18.472","18.143","17.518","17.107","17.175","17.221","17.107","16.552","15.784","15.157","14.701","14.257","13.823","13.402","12.991","12.591","12.2","11.822","11.453","11.094","10.751","10.426","10.116","9.821","9.54000000000001",
"Latvia","LVA","Rural population (% of total population)","SP.RUR.TOTL.ZS","30.75","30.799","31.148","31.201","31.099","31.25","31.35","31.4","31.549","31.78","31.933","32.05","32.15","32.2","32.1","32","32.033","32.1","32.166","32.186","32.159","32.131","32.103","32.075","32.048","32.02","31.979",
"Macao SAR, China","MAC","Rural population (% of total population)","SP.RUR.TOTL.ZS","0.236999999999995","0.194999999999993","0.161000000000001","0.132999999999996","0.108999999999995","0.0900000000000034","0.019999999999996","0","0","0","0","0","0","0","0","0","0","0","0","0","0","0","0","0","0","0","0",
"St. Martin (French part)","MAF","Rural population (% of total population)","SP.RUR.TOTL.ZS","","","","","","","","","","","","","","","","","","","","","","","","","","","",
"Morocco","MAR","Rural population (% of total population)","SP.RUR.TOTL.ZS","51.609","50.883","50.156","49.431","48.705","48.308","47.978","47.65","47.322","46.993","46.665","46.338","46.01","45.683","45.356","44.826","44.254","43.683","43.114","42.548","41.982","41.419","40.858","40.3","39.744","39.191","38.64",
"Monaco","MCO","Rural population (% of total population)","SP.RUR.TOTL.ZS","0","0","0","0","0","0","0","0","0","0","0","0","0","0","0","0","0","0","0","0","0","0","0","0","0","0","0",
"Moldova","MDA","Rural population (% of total population)","SP.RUR.TOTL.ZS","53.238","53.331","53.425","53.519","53.613","53.706","53.8","54.203","54.606","55.008","55.411","55.811","56.211","56.611","57.01","57.225","57.256","57.287","57.318","57.349","57.38","57.411","57.442","57.473","57.504","57.51","57.489",
"Madagascar","MDG","Rural population (% of total population)","SP.RUR.TOTL.ZS","76.434","75.881","75.319","74.749","74.464","74.204","73.942","73.679","73.414","73.147","72.879","72.609","72.337","72.064","71.789","71.186","70.575","69.957","69.33","68.699","68.062","67.42","66.773","66.122","65.466","64.807","64.144",
"Maldives","MDV","Rural population (% of total population)","SP.RUR.TOTL.ZS","74.16","74.224","74.287","74.351","74.414","74.362","73.992","73.621","73.245","72.866","72.294","71.141","69.958","68.748","67.51","66.25","65.206","64.8","64.39","63.979","63.566","63.151","62.733","62.315","61.894","61.471","61.046",
"Middle East & North Africa","MEA","Rural population (% of total population)","SP.RUR.TOTL.ZS","45.1642124166561","44.7976047883097","44.7090789141859","44.2975925744556","43.9049518611891","43.3315027511456","43.0069486923957","42.6642021004904","42.2966887340481","41.9184559145276","41.5399092485411","41.1617489760513","40.7916397777384","40.42111375429","40.0414882945352","39.6158851825243","39.1712565125762","38.7394111384869","38.3148503824259","37.8908859304535","37.4722421283198","37.1274999927151","36.7926307091809","36.4642829911152","36.1454084303986","35.7789071508549","35.4328364902529",
"Mexico","MEX","Rural population (% of total population)","SP.RUR.TOTL.ZS","28.581","28.184","27.791","27.402","27.015","26.632","26.33","26.071","25.814","25.559","25.278","24.955","24.635","24.318","24.003","23.692","23.384","23.08","22.778","22.48","22.185","21.889","21.595","21.301","21.007","20.715","20.423",
"Marshall Islands","MHL","Rural population (% of total population)","SP.RUR.TOTL.ZS","34.946","34.608","34.272","33.937","33.604","33.273","32.942","32.615","32.288","31.947","31.42","30.899","30.382","29.87","29.363","28.862","28.365","27.874","27.387","26.907","26.432","25.962","25.502","25.054","24.616","24.189","23.772",
"Middle income","MIC","Rural population (% of total population)","SP.RUR.TOTL.ZS","63.6270232774925","63.1398557550979","62.6542472450974","62.1678821777543","61.6832270203014","61.1973953740247","60.7094599925502","60.2164410115713","59.7171979690709","59.2155388133991","58.7036388878755","58.1369226062974","57.5165386616432","56.8861883891366","56.2492827115788","55.6074634171943","54.9746417599312","54.3452694955647","53.7123935845608","53.0777531463773","52.4411140761528","51.8284599451312","51.2252964194698","50.6233574281001","50.0217348511323","49.4225172244464","48.8249730712718",
"Macedonia, FYR","MKD","Rural population (% of total population)","SP.RUR.TOTL.ZS","42.211","41.766","41.236","40.709","40.206","40.413","40.62","40.828","41.035","41.243","41.452","41.661","41.87","42.079","42.289","42.468","42.617","42.736","42.825","42.883","42.911","42.908","42.875","42.811","42.716","42.592","42.437",
"Mali","MLI","Rural population (% of total population)","SP.RUR.TOTL.ZS","76.678","76.249","75.814","75.376","74.931","74.481","74.025","73.566","73.052","72.354","71.644","70.925","70.194","69.453","68.7","67.94","67.168","66.388","65.597","64.8","64.001","63.201","62.401","61.602","60.804","60.009","59.217",
"Malta","MLT","Rural population (% of total population)","SP.RUR.TOTL.ZS","9.619","9.503","9.389","9.277","9.16500000000001","9.054","8.819","8.508","8.20699999999999","7.91500000000001","7.63200000000001","7.35899999999999","7.095","6.84","6.593","6.355","6.21599999999999","6.143","6.071","5.999","5.928","5.85899999999999","5.789","5.721","5.65300000000001","5.586","5.52",
"Myanmar","MMR","Rural population (% of total population)","SP.RUR.TOTL.ZS","74.757","74.582","74.407","74.231","74.054","73.876","73.697","73.518","73.337","73.157","72.975","72.792","72.609","72.425","72.24","72.054","71.868","71.681","71.493","71.305","71.115","70.925","70.734","70.543","70.35","70.142","69.918",
"Middle East & North Africa (excluding high income)","MNA","Rural population (% of total population)","SP.RUR.TOTL.ZS","48.3402102470419","48.0165307186152","47.6337918161461","47.2342415765627","46.8371467180917","46.4899600526705","46.1555692985334","45.8101217188086","45.4422020041017","45.0681703538124","44.6974195853582","44.3320387027654","43.9698636021973","43.6123040850585","43.2601881886148","42.8743323305627","42.4832545566246","42.118584116193","41.7657477648559","41.4104004638183","41.0429675925188","40.7499752907714","40.4592493356344","40.1652066241182","39.8742992674876","39.5217903794163","39.1867016571981",
"Montenegro","MNE","Rural population (% of total population)","SP.RUR.TOTL.ZS","51.963","50.835","49.782","48.733","47.683","46.635","45.588","44.549","43.512","42.482","41.456","40.441","39.432","38.432","37.873","37.535","37.197","36.861","36.525","36.192","35.86","35.528","35.196","34.863","34.529","34.194","33.859",
"Mongolia","MNG","Rural population (% of total population)","SP.RUR.TOTL.ZS","42.967","43.013","43.058","43.104","43.149","43.195","43.24","43.286","43.331","43.377","42.867","41.778","40.696","39.622","38.557","37.506","36.465","35.436","34.419","33.42","32.433","32.037","31.97","31.903","31.837","31.77","31.703",
"Northern Mariana Islands","MNP","Rural population (% of total population)","SP.RUR.TOTL.ZS","10.269","10.303","10.338","10.373","10.408","10.443","10.345","10.216","10.088","9.962","9.848","9.765","9.684","9.602","9.52200000000001","9.44199999999999","9.36199999999999","9.28400000000001","9.205","9.128","9.051","8.97199999999999","8.892","8.81","8.727","8.643","8.557",
"Mozambique","MOZ","Rural population (% of total population)","SP.RUR.TOTL.ZS","75","74.513","74.02","73.521","73.016","72.505","71.987","71.465","71.258","71.08","70.902","70.723","70.543","70.363","70.182","70.001","69.818","69.636","69.168","68.672","68.17","67.664","67.154","66.64","66.122","65.6","65.074",
"Mauritania","MRT","Rural population (% of total population)","SP.RUR.TOTL.ZS","60.677","60.801","60.925","61.048","61.171","61.295","61.418","61.541","61.663","61.786","61.909","61.384","60.52","59.649","58.771","57.889","57.002","56.11","55.212","54.314","53.412","52.507","51.6","50.694","49.797","48.911","48.038",
"Mauritius","MUS","Rural population (% of total population)","SP.RUR.TOTL.ZS","56.1","56.223","56.347","56.47","56.593","56.716","56.839","56.962","57.084","57.207","57.33","57.441","57.553","57.665","57.777","57.888","58","58.111","58.223","58.334","58.445","58.556","58.668","58.778","58.889","59","59.09",
"Malawi","MWI","Rural population (% of total population)","SP.RUR.TOTL.ZS","88.44","88.115","87.782","87.442","87.093","86.737","86.371","85.998","85.616","85.478","85.39","85.302","85.214","85.125","85.036","84.946","84.856","84.765","84.674","84.571","84.456","84.328","84.188","84.034","83.868","83.687","83.494",
"Malaysia","MYS","Rural population (% of total population)","SP.RUR.TOTL.ZS","50.206","49.424","48.186","46.891","45.598","44.312","43.031","41.763","40.504","39.258","38.023","37.078","36.144","35.22","34.306","33.406","32.517","31.64","30.775","29.925","29.088","28.391","27.725","27.07","26.423","25.787","25.16",
"North America","NAC","Rural population (% of total population)","SP.RUR.TOTL.ZS","24.5663171889899","24.2018350287506","23.81905845903","23.4409138799684","23.0666241728753","22.6969088410063","22.3282579634686","21.9547154763839","21.5844133718082","21.2182293654999","20.8974751184739","20.7052587123659","20.5398549957004","20.3751898239288","20.2106638605963","20.0489551872713","19.885903672949","19.7146704581655","19.544420893481","19.3752477829605","19.2080148566307","19.0373599078963","18.8756992110616","18.7096437241524","18.5401794323882","18.3670100893464","18.1913601274079",
"Namibia","NAM","Rural population (% of total population)","SP.RUR.TOTL.ZS","72.344","72.081","71.664","71.177","70.684","70.187","69.684","69.177","68.665","68.149","67.627","67.102","66.234","65.291","64.334","63.368","62.39","61.402","60.403","59.399","58.384","57.363","56.307","55.244","54.174","53.1","52.039",
"New Caledonia","NCL","Rural population (% of total population)","SP.RUR.TOTL.ZS","40.423","40.281","40.138","39.996","39.854","39.712","39.525","39.162","38.801","38.441","38.081","37.724","37.368","37.013","36.659","36.035","35.362","34.694","34.031","33.376","32.898","32.435","31.976","31.521","31.069","30.621","30.179",
"Niger","NER","Rural population (% of total population)","SP.RUR.TOTL.ZS","84.632","84.551","84.471","84.39","84.309","84.227","84.145","84.063","83.98","83.897","83.814","83.74","83.745","83.749","83.753","83.758","83.762","83.766","83.771","83.775","83.779","83.784","83.788","83.792","83.781","83.753","83.71",
"Nigeria","NGA","Rural population (% of total population)","SP.RUR.TOTL.ZS","70.32","69.824","69.323","68.818","68.309","67.795","67.275","66.753","66.227","65.696","65.16","64.331","63.492","62.644","61.788","60.926","60.057","59.181","58.298","57.412","56.52","55.634","54.754","53.882","53.018","52.162","51.317",
"Nicaragua","NIC","Rural population (% of total population)","SP.RUR.TOTL.ZS","46.925","46.648","46.37","46.093","45.817","45.563","45.413","45.263","45.114","44.964","44.815","44.665","44.516","44.367","44.218","44.065","43.868","43.672","43.475","43.279","43.083","42.887","42.691","42.495","42.3","42.105","41.91",
"Netherlands","NLD","Rural population (% of total population)","SP.RUR.TOTL.ZS","31.316","30.671","29.777","28.9","28.038","27.191","26.36","25.547","24.75","23.97","23.205","22.17","20.887","19.659","18.486","17.37","16.364","15.461","14.598","13.712","12.866","12.121","11.412","10.813","10.31","9.827","9.36499999999999",
"Norway","NOR","Rural population (% of total population)","SP.RUR.TOTL.ZS","28.044","27.735","27.335","26.939","26.547","26.213","25.938","25.524","24.973","24.431","23.98","23.622","23.267","22.916","22.601","22.325","22.05","21.766","21.474","21.185","20.898","20.545","20.126","19.714","19.308","18.909","18.515",
"Nepal","NPL","Rural population (% of total population)","SP.RUR.TOTL.ZS","91.146","90.82","90.418","90.001","89.567","89.117","88.65","88.166","87.664","87.143","86.603","86.053","85.76","85.462","85.159","84.851","84.538","84.219","83.895","83.566","83.232","82.892","82.542","82.185","81.818","81.443","81.058",
"Nauru","NRU","Rural population (% of total population)","SP.RUR.TOTL.ZS","0","0","0","0","0","0","0","0","0","0","0","0","0","0","0","0","0","0","0","0","0","0","0","0","0","0","0",
"New Zealand","NZL","Rural population (% of total population)","SP.RUR.TOTL.ZS","15.258","15.05","14.897","14.746","14.596","14.447","14.3","14.219","14.139","14.059","13.979","13.9","13.839","13.779","13.719","13.659","13.6","13.66","13.72","13.78","13.84","13.9","13.839","13.779","13.719","13.659","13.6",
"OECD members","OED","Rural population (% of total population)","SP.RUR.TOTL.ZS","26.7517183568609","26.4659767309767","26.2003725734651","25.9386514438956","25.6812119395747","25.4270603445657","25.1955333503738","24.9740158900182","24.7546564924778","24.5300355044596","24.3022269925192","23.9596230392106","23.5650580515488","23.1892071191452","22.8297591195753","22.4836397996574","22.1655800332269","21.8627356889444","21.5670130407385","21.2801787350325","21.0000855111791","20.7253134825602","20.4665244114117","20.2204445715867","19.9805632638111","19.743514015496","19.512564019077",
"Oman","OMN","Rural population (% of total population)","SP.RUR.TOTL.ZS","33.898","32.204","30.553","28.956","28.312","28.331","28.351","28.371","28.391","28.411","28.431","28.451","28.471","28.491","28.173","27.6","27.033","26.473","25.92","25.376","24.839","23.817","22.436","21.118","19.855","18.65","17.5",
"Pakistan","PAK","Rural population (% of total population)","SP.RUR.TOTL.ZS","69.424","69.174","68.923","68.671","68.418","68.164","67.908","67.652","67.415","67.217","67.018","66.82","66.62","66.42","66.219","66.018","65.816","65.613","65.41","65.207","65.003","64.798","64.592","64.387","64.181","63.974","63.766",
"Panama","PAN","Rural population (% of total population)","SP.RUR.TOTL.ZS","46.097","45.243","44.391","43.544","42.699","41.859","41.022","40.193","39.368","38.549","37.802","37.503","37.206","36.909","36.613","36.318","36.024","35.732","35.44","35.149","34.86","34.563","34.259","33.948","33.629","33.304","32.973",
"Peru","PER","Rural population (% of total population)","SP.RUR.TOTL.ZS","31.099","30.7","30.303","29.911","29.479","29.049","28.623","28.202","27.784","27.369","26.958","26.552","26.15","25.751","25.356","24.966","24.579","24.197","23.948","23.759","23.57","23.383","23.196","23.011","22.827","22.643","22.461",
"Philippines","PHL","Rural population (% of total population)","SP.RUR.TOTL.ZS","53.014","53.099","53.185","53.27","53.355","53.44","53.525","53.61","53.695","53.78","53.865","53.95","54.035","54.12","54.205","54.29","54.375","54.46","54.545","54.629","54.668","54.478","54.288","54.097","53.907","53.716","53.525",
"Palau","PLW","Rural population (% of total population)","SP.RUR.TOTL.ZS","30.407","30.034","29.663","29.296","28.931","28.569","28.694","28.934","29.175","29.418","29.662","29.907","30.153","30.4","29.617","28.848","28.09","27.345","26.611","25.891","25.183","24.489","23.806","23.138","22.483","21.841","21.225",
"Papua New Guinea","PNG","Rural population (% of total population)","SP.RUR.TOTL.ZS","85.006","85.184","85.371","85.555","85.738","85.919","86.099","86.276","86.451","86.625","86.796","86.818","86.836","86.854","86.873","86.891","86.909","86.927","86.945","86.963","86.981","87","87.018","87.022","87.012","86.988","86.95",
"Poland","POL","Rural population (% of total population)","SP.RUR.TOTL.ZS","38.73","38.685","38.641","38.596","38.551","38.507","38.462","38.417","38.373","38.328","38.284","38.239","38.213","38.324","38.436","38.548","38.659","38.771","38.884","38.996","39.108","39.22","39.346","39.471","39.597","39.722","39.822",
"Puerto Rico","PRI","Rural population (% of total population)","SP.RUR.TOTL.ZS","7.05800000000001","6.89400000000001","6.733","6.57599999999999","6.422","6.271","6.124","5.98","5.839","5.702","5.613","5.667","5.72199999999999","5.776","5.83199999999999","5.88800000000001","5.944","6.001","6.05800000000001","6.116","6.175","6.227","6.274","6.31399999999999","6.349","6.376","6.398",
"Korea, Dem. People’s Rep.","PRK","Rural population (% of total population)","SP.RUR.TOTL.ZS","41.616","41.469","41.321","41.174","41.061","40.982","40.903","40.824","40.745","40.666","40.588","40.509","40.43","40.352","40.273","40.195","40.116","40.038","39.96","39.805","39.623","39.443","39.262","39.082","38.902","38.723","38.529",
"Portugal","PRT","Rural population (% of total population)","SP.RUR.TOTL.ZS","52.085","51.531","50.87","50.211","49.551","48.891","48.23","47.572","46.914","46.257","45.601","44.956","44.334","43.713","43.093","42.478","41.863","41.251","40.641","40.036","39.433","38.833","38.237","37.648","37.064","36.486","35.914",
"Paraguay","PRY","Rural population (% of total population)","SP.RUR.TOTL.ZS","51.306","50.561","49.814","49.156","48.512","47.869","47.226","46.586","45.946","45.307","44.669","44.034","43.4","43.023","42.695","42.367","42.04","41.714","41.388","41.063","40.739","40.416","40.093","39.803","39.526","39.25","38.974",
"West Bank and Gaza","PSE","Rural population (% of total population)","SP.RUR.TOTL.ZS","32.291","31.781","31.274","30.773","30.276","29.784","29.295","28.813","28.476","28.253","28.031","27.811","27.591","27.373","27.155","26.939","26.724","26.509","26.296","26.077","25.851","25.619","25.381","25.137","24.887","24.632","24.372",
"French Polynesia","PYF","Rural population (% of total population)","SP.RUR.TOTL.ZS","42.148","42.39","42.633","42.876","43.119","43.363","43.607","43.715","43.795","43.874","43.953","44.033","44.112","43.758","43.169","42.583","41.998","41.415","40.834","40.258","39.683","39.111","38.541","38.417","38.367","38.317","38.266",
"Qatar","QAT","Rural population (% of total population)","SP.RUR.TOTL.ZS","7.214","6.709","6.23699999999999","5.797","5.386","5.002","4.64400000000001","4.34099999999999","4.11199999999999","3.895","3.68899999999999","3.494","3.30800000000001","3.13200000000001","2.91","2.604","2.32899999999999","2.083","1.861","1.664","1.499","1.398","1.303","1.215","1.13200000000001","1.05500000000001","0.984999999999999",
"Romania","ROU","Rural population (% of total population)","SP.RUR.TOTL.ZS","46.783","46.07","45.773","45.926","46.078","46.231","46.384","46.537","46.689","46.842","46.996","47.148","47.22","47.088","46.957","46.826","46.695","46.564","46.433","46.302","46.171","46.04","46.026","46.063","46.1","46.113","46.1",
"Russian Federation","RUS","Rural population (% of total population)","SP.RUR.TOTL.ZS","26.606","26.611","26.615","26.619","26.624","26.628","26.633","26.637","26.641","26.646","26.65","26.654","26.659","26.627","26.582","26.537","26.492","26.447","26.402","26.358","26.313","26.268","26.209","26.137","26.05","25.95","25.836",
"Rwanda","RWA","Rural population (% of total population)","SP.RUR.TOTL.ZS","94.584","94.509","93.712","92.687","91.51","90.163","88.626","87.534","86.756","85.936","85.074","84.171","83.223","83.096","83.092","83.088","83.083","83.079","83.075","83.07","83.066","83.062","83.057","83.053","83.033","82.996","82.944",
"South Asia","SAS","Rural population (% of total population)","SP.RUR.TOTL.ZS","74.9476354847802","74.6980613188177","74.4761456180396","74.2532970241485","74.0283501774585","73.8016942487892","73.5710686836294","73.3379086747915","73.1043112577943","72.8731370260915","72.6409408966331","72.3700844725881","72.0325250612575","71.6923227493321","71.3471817776306","70.9984633491122","70.646037635788","70.2895093792934","69.9294142317377","69.5679410247309","69.2044138980182","68.8382895805728","68.4630879298317","68.0803106776234","67.6882730639397","67.2871013420139","66.8768811159515",
"Saudi Arabia","SAU","Rural population (% of total population)","SP.RUR.TOTL.ZS","23.417","22.777","22.149","21.814","21.571","21.33","21.09","20.853","20.617","20.384","20.152","19.923","19.696","19.47","19.246","19.021","18.796","18.573","18.351","18.133","17.916","17.698","17.48","17.26","17.04","16.82","16.599",
"Sudan","SDN","Rural population (% of total population)","SP.RUR.TOTL.ZS","71.39","70.16","68.897","67.873","67.821","67.768","67.716","67.663","67.61","67.558","67.505","67.452","67.399","67.346","67.293","67.24","67.187","67.134","67.081","67.007","66.911","66.793","66.654","66.493","66.311","66.106","65.879",
"Senegal","SEN","Rural population (% of total population)","SP.RUR.TOTL.ZS","61.104","60.962","60.82","60.679","60.536","60.394","60.251","60.109","59.966","59.823","59.68","59.536","59.393","59.102","58.694","58.286","57.876","57.465","57.053","56.641","56.227","55.812","55.397","54.981","54.564","54.138","53.704",
"Singapore","SGP","Rural population (% of total population)","SP.RUR.TOTL.ZS","0","0","0","0","0","0","0","0","0","0","0","0","0","0","0","0","0","0","0","0","0","0","0","0","0","0","0",
"Solomon Islands","SLB","Rural population (% of total population)","SP.RUR.TOTL.ZS","86.323","86.13","85.935","85.738","85.538","85.336","85.131","84.924","84.715","84.504","84.187","83.799","83.403","82.999","82.587","82.168","81.741","81.306","80.862","80.411","79.952","79.492","79.03","78.567","78.104","77.64","77.177",
"Sierra Leone","SLE","Rural population (% of total population)","SP.RUR.TOTL.ZS","66.748","66.515","66.28","66.045","65.808","65.571","65.333","65.095","64.856","64.616","64.374","64.133","63.891","63.648","63.404","63.081","62.697","62.311","61.923","61.534","61.144","60.752","60.358","59.964","59.568","59.171","58.772",
"El Salvador","SLV","Rural population (% of total population)","SP.RUR.TOTL.ZS","50.726","50.206","49.685","48.583","47.296","46.012","44.732","43.463","42.2","41.643","41.088","40.536","39.986","39.439","38.893","38.352","37.813","37.226","36.322","35.43","34.548","33.675","32.813","31.964","31.126","30.3","29.499",
"San Marino","SMR","Rural population (% of total population)","SP.RUR.TOTL.ZS","9.59999999999999","9.59999999999999","9.59999999999999","9.161","8.739","8.336","7.94799999999999","7.578","7.224","6.88500000000001","6.56","6.25","6.075","6.02500000000001","5.845","5.547","5.264","4.99299999999999","4.736","4.492","4.26000000000001","4.039","3.82899999999999","3.63","3.441","3.261","3.09",
"Somalia","SOM","Rural population (% of total population)","SP.RUR.TOTL.ZS","70.342","69.993","69.641","69.289","68.933","68.575","68.215","67.853","67.489","67.122","66.753","66.383","66.01","65.244","64.469","63.689","62.9","65.596","63.989","62.355","60.69","59","58.442","57.883","57.321","56.755","56.184",
"Serbia","SRB","Rural population (% of total population)","SP.RUR.TOTL.ZS","49.607","49.244","49.019","48.796","48.572","48.349","48.125","47.902","47.678","47.455","47.231","47.008","46.785","46.563","46.339","46.117","45.895","45.672","45.45","45.228","45.007","44.785","44.644","44.531","44.417","44.304","44.19",
"Sub-Saharan Africa (excluding high income)","SSA","Rural population (% of total population)","SP.RUR.TOTL.ZS","72.6060459160151","72.1310438146799","71.6648458920884","71.2115237861874","70.8150372806664","70.4412282960839","70.0790739980633","69.7156461052692","69.3650512906487","69.0144342039205","68.6592554905043","68.2362909338831","67.798788673604","67.3565066816","66.9095709141026","66.4515177524964","65.9988863954742","65.5883784208511","65.0903507334982","64.5870995680063","64.0744263099792","63.5548039158114","63.0459245335149","62.5357053154665","62.0211842834984","61.5029892026006","60.9820786719744",
"South Sudan","SSD","Rural population (% of total population)","SP.RUR.TOTL.ZS","86.724","85.926","85.088","84.374","84.251","84.127","84.003","83.877","83.751","83.624","83.496","83.368","83.239","83.109","82.977","82.846","82.713","82.58","82.445","82.299","82.14","81.968","81.783","81.585","81.374","81.148","80.908",
"Sub-Saharan Africa","SSF","Rural population (% of total population)","SP.RUR.TOTL.ZS","72.6030771415023","72.1281762165111","71.6620974306748","71.2088429196318","70.8123977966349","70.4386551082529","70.0765616915288","69.7131982034217","69.3626437012311","69.0120641243727","68.6569458288085","68.2340643231167","67.7965775158275","67.3543999931614","66.9075474276395","66.4495577591221","65.9969549926022","65.5864989824279","65.0884975468153","64.5853048425343","64.0726454491631","63.5531292561664","63.0442894338013","62.5340934566954","62.0195988107329","61.5014193261067","60.9805380291007",
"Sao Tome and Principe","STP","Rural population (% of total population)","SP.RUR.TOTL.ZS","56.352","55.207","54.236","53.283","52.327","51.369","50.408","49.45","48.491","47.533","46.576","45.623","44.445","43.234","42.028","40.835","39.652","38.48","37.32","36.177","35.048","33.936","32.84","31.792","30.787","29.826","28.908",
"Suriname","SUR","Rural population (% of total population)","SP.RUR.TOTL.ZS","34.294","34.22","34.146","34.072","33.998","33.924","33.85","33.777","33.703","33.629","33.556","33.483","33.409","33.336","33.263","33.318","33.385","33.453","33.521","33.588","33.656","33.724","33.792","33.86","33.911","33.944","33.96",
"Slovak Republic","SVK","Rural population (% of total population)","SP.RUR.TOTL.ZS","43.509","43.22","43.281","43.341","43.402","43.463","43.524","43.584","43.645","43.706","43.767","43.837","43.987","44.137","44.287","44.437","44.588","44.739","44.889","45.04","45.315","45.58","45.72","45.86","46","46.111","46.194",
"Slovenia","SVN","Rural population (% of total population)","SP.RUR.TOTL.ZS","49.61","49.483","49.457","49.431","49.404","49.378","49.351","49.325","49.299","49.272","49.246","49.22","49.143","48.918","48.692","48.467","48.242","48.017","47.791","47.567","47.342","47.117","46.892","46.668","46.443","46.219","45.98",
"Sweden","SWE","Rural population (% of total population)","SP.RUR.TOTL.ZS","16.9","16.796","16.639","16.484","16.329","16.176","16.086","16.058","16.03","16.002","15.974","15.929","15.867","15.804","15.742","15.681","15.57","15.412","15.254","15.098","14.944","14.703","14.38","14.064","13.753","13.447","13.148",
"Eswatini","SWZ","Rural population (% of total population)","SP.RUR.TOTL.ZS","79.798","79.393","78.982","78.566","78.143","77.714","77.278","76.919","77.051","77.183","77.314","77.445","77.575","77.704","77.834","77.962","78.09","78.171","77.955","77.738","77.52","77.3","77.151","77.001","76.851","76.7","76.541",
"Sint Maarten (Dutch part)","SXM","Rural population (% of total population)","SP.RUR.TOTL.ZS","0","0","0","0","0","0","0","0","0","0","0","0","0","0","0","0","0","0","0","0","0","0","0","0","0","0","0",
"Seychelles","SYC","Rural population (% of total population)","SP.RUR.TOTL.ZS","50.73","50.693","50.638","50.565","50.475","50.367","50.242","50.099","49.939","49.762","49.567","49.354","49.124","48.877","48.612","48.33","48.031","47.715","47.381","47.031","46.664","46.28","45.88","45.463","45.031","44.6","44.169",
"Syrian Arab Republic","SYR","Rural population (% of total population)","SP.RUR.TOTL.ZS","51.069","50.861","50.653","50.445","50.236","49.896","49.527","49.159","48.79","48.422","48.053","47.686","47.318","46.951","46.583","46.218","45.854","45.489","45.125","44.763","44.4","45.42","46.445","47.471","48.5","47.832","47.165",
"Turks and Caicos Islands","TCA","Rural population (% of total population)","SP.RUR.TOTL.ZS","25.657","24.463","23.306","22.19","21.112","20.072","19.07","18.11","17.186","16.3","15.45","14.638","13.993","13.392","12.812","12.255","11.719","11.203","10.706","10.23","9.77200000000001","9.33199999999999","8.91","8.517","8.149","7.80500000000001","7.483",
"Chad","TCD","Rural population (% of total population)","SP.RUR.TOTL.ZS","79.189","78.977","78.765","78.592","78.56","78.527","78.494","78.462","78.429","78.396","78.363","78.33","78.298","78.265","78.232","78.199","78.166","78.132","78.099","78.066","78.015","77.946","77.858","77.752","77.628","77.485","77.323",
"Togo","TGO","Rural population (% of total population)","SP.RUR.TOTL.ZS","71.411","70.995","70.575","70.152","69.725","69.295","68.861","68.424","67.984","67.54","67.093","66.644","66.191","65.735","65.276","64.815","64.351","63.884","63.413","62.942","62.467","61.968","61.454","60.939","60.421","59.9","59.372",
"Thailand","THA","Rural population (% of total population)","SP.RUR.TOTL.ZS","70.576","70.407","70.237","70.066","69.895","69.724","69.551","69.378","69.205","69.031","68.614","67.452","66.266","65.059","63.831","62.589","61.327","60.05","58.758","57.457","56.144","55.302","54.555","53.807","53.057","52.306","51.552",
"Tajikistan","TJK","Rural population (% of total population)","SP.RUR.TOTL.ZS","68.342","68.91","69.473","70.028","70.579","71.123","71.662","72.194","72.72","73.24","73.499","73.497","73.495","73.493","73.492","73.49","73.488","73.486","73.484","73.482","73.48","73.479","73.455","73.411","73.345","73.258","73.149",
"Turkmenistan","TKM","Rural population (% of total population)","SP.RUR.TOTL.ZS","54.925","55.01","55.096","55.181","55.266","55.206","54.982","54.759","54.535","54.311","54.087","53.863","53.638","53.413","53.188","52.948","52.692","52.419","52.132","51.828","51.509","51.175","50.825","50.459","50.079","49.683","49.272",
"Timor-Leste","TLS","Rural population (% of total population)","SP.RUR.TOTL.ZS","79.158","78.785","78.46","78.133","77.801","77.466","77.127","76.785","76.439","76.09","75.737","75.381","75.021","74.657","74.29","73.959","73.626","73.291","72.952","72.611","72.268","71.921","71.572","71.221","70.867","70.51","70.15",
"Tonga","TON","Rural population (% of total population)","SP.RUR.TOTL.ZS","77.296","77.264","77.232","77.2","77.168","77.136","77.103","77.073","77.045","77.016","76.988","76.959","76.931","76.902","76.873","76.845","76.816","76.773","76.719","76.665","76.611","76.557","76.565","76.618","76.672","76.725","76.778",
"Trinidad and Tobago","TTO","Rural population (% of total population)","SP.RUR.TOTL.ZS","45.876","45.692","45.509","45.326","45.143","44.96","44.776","44.594","44.411","44.229","44.095","44.282","44.47","44.657","44.845","45.033","45.221","45.41","45.598","45.787","45.975","46.164","46.329","46.47","46.587","46.681","46.75",
"Tunisia","TUN","Rural population (% of total population)","SP.RUR.TOTL.ZS","42.054","41.244","40.438","39.638","38.922","38.526","38.13","37.738","37.347","36.957","36.568","36.182","35.798","35.415","35.05","34.763","34.476","34.191","33.907","33.624","33.343","33.062","32.782","32.505","32.228","31.944","31.654",
"Turkey","TUR","Rural population (% of total population)","SP.RUR.TOTL.ZS","40.797","40.024","39.482","38.945","38.41","37.877","37.347","36.821","36.297","35.777","35.259","34.66","34.026","33.398","32.775","32.16","31.55","30.947","30.349","29.759","29.175","28.598","28.026","27.469","26.923","26.389","25.866",
"Tuvalu","TUV","Rural population (% of total population)","SP.RUR.TOTL.ZS","59.339","58.009","57.249","56.844","56.437","56.03","55.621","55.213","54.803","54.393","53.982","53.571","53.159","52.344","51.322","50.301","49.279","48.257","47.235","46.218","45.204","44.193","43.185","42.186","41.214","40.27","39.355",
"Tanzania","TZA","Rural population (% of total population)","SP.RUR.TOTL.ZS","81.116","80.792","80.464","80.133","79.797","79.457","79.112","78.763","78.41","78.053","77.691","77.326","76.956","76.389","75.777","75.155","74.522","73.879","73.224","72.561","71.886","71.202","70.507","69.804","69.096","68.383","67.667",
"Uganda","UGA","Rural population (% of total population)","SP.RUR.TOTL.ZS","88.924","88.546","88.21","87.867","87.515","87.154","86.784","86.406","86.018","85.621","85.214","84.799","84.374","83.939","83.493","83.04","82.575","82.101","81.616","81.122","80.617","80.102","79.576","79.042","78.496","77.94","77.376",
"Ukraine","UKR","Rural population (% of total population)","SP.RUR.TOTL.ZS","33.243","33.204","33.165","33.126","33.088","33.049","33.01","32.971","32.933","32.894","32.855","32.817","32.717","32.573","32.403","32.21","32.031","31.853","31.675","31.498","31.404","31.311","31.218","31.125","31.032","30.939","30.846",
"Upper middle income","UMC","Rural population (% of total population)","SP.RUR.TOTL.ZS","57.4380162147605","56.7582006710786","56.0658536492961","55.3667261690596","54.6576865215803","53.9369612596323","53.212806411252","52.4822782702201","51.7388166313057","50.9834886742718","50.2098145756308","49.3242344682262","48.3753652832808","47.4094372617884","46.4331231752231","45.4510543748533","44.4860052768357","43.528852276959","42.5695766280012","41.6121960877771","40.651992376185","39.7409213647662","38.854076568457","37.9760297588631","37.1044195196213","36.2435834172891","35.3923990975078",
"Uruguay","URY","Rural population (% of total population)","SP.RUR.TOTL.ZS","11.027","10.696","10.373","10.06","9.755","9.458","9.16500000000001","8.85299999999999","8.55","8.25700000000001","7.97199999999999","7.697","7.431","7.172","6.922","6.681","6.447","6.221","6.002","5.791","5.586","5.38800000000001","5.261","5.157","5.05500000000001","4.955","4.85599999999999",
"United States","USA","Rural population (% of total population)","SP.RUR.TOTL.ZS","24.7","24.299","23.903","23.512","23.125","22.743","22.364","21.992","21.623","21.258","20.943","20.766","20.591","20.417","20.243","20.072","19.901","19.731","19.562","19.394","19.228","19.056","18.881","18.701","18.517","18.329","18.138",
"Uzbekistan","UZB","Rural population (% of total population)","SP.RUR.TOTL.ZS","58.635","58.164","57.692","57.22","56.745","56.269","55.792","55.315","54.836","54.356","53.874","53.394","52.912","52.429","51.946","51.463","50.979","50.495","50.011","49.528","49.044","48.85","48.95","49.05","49.15","49.25","49.35",
"St. Vincent and the Grenadines","VCT","Rural population (% of total population)","SP.RUR.TOTL.ZS","58.591","58.051","57.694","57.337","56.979","56.62","56.259","55.9","55.539","55.177","54.814","54.452","54.086","53.717","53.344","52.968","52.588","52.206","51.82","51.431","51.039","50.644","50.246","49.846","49.442","49.036","48.627",
"Venezuela, RB","VEN","Rural population (% of total population)","SP.RUR.TOTL.ZS","15.716","15.336","14.988","14.648","14.314","13.986","13.664","13.35","13.041","12.738","12.441","12.15","12.124","12.098","12.072","12.046","12.02","11.994","11.969","11.943","11.917","11.892","11.877","11.867","11.856","11.846","11.835",
"British Virgin Islands","VGB","Rural population (% of total population)","SP.RUR.TOTL.ZS","62.186","60.666","60.397","60.128","59.858","59.587","59.316","59.045","58.772","58.5","58.226","57.952","57.672","57.385","57.091","56.79","56.483","56.169","55.848","55.521","55.186","54.846","54.498","54.144","53.784","53.417","53.043",
"Virgin Islands (U.S.)","VIR","Rural population (% of total population)","SP.RUR.TOTL.ZS","12.315","11.715","11.14","10.591","10.066","9.563","9.083","8.626","8.18899999999999","7.77200000000001","7.414","7.18600000000001","6.964","6.749","6.539","6.336","6.139","5.947","5.761","5.581","5.40600000000001","5.239","5.081","4.93000000000001","4.78700000000001","4.65000000000001","4.52",
"Vietnam","VNM","Rural population (% of total population)","SP.RUR.TOTL.ZS","79.743","79.371","78.994","78.613","78.226","77.834","77.437","77.035","76.629","76.183","75.626","75.063","74.489","73.908","73.317","72.719","72.112","71.496","70.872","70.238","69.583","68.92","68.248","67.571","66.885","66.191","65.49",
"Vanuatu","VUT","Rural population (% of total population)","SP.RUR.TOTL.ZS","81.285","81.002","80.715","80.426","80.132","79.836","79.536","79.234","78.927","78.618","78.327","78.047","77.765","77.479","77.191","76.901","76.608","76.313","76.015","75.714","75.538","75.439","75.339","75.239","75.139","75.039","74.938",
"World","WLD","Rural population (% of total population)","SP.RUR.TOTL.ZS","56.9546790703574","56.5898100241236","56.2467709156092","55.8836597998438","55.5234331869605","55.1473037568192","54.786082211689","54.4213913286182","54.0521224252907","53.6793343387002","53.2981687475288","52.8505996419065","52.3534963491531","51.8530037748986","51.3479885011481","50.8391322309444","50.3379827001393","49.8452597407963","49.3391387967439","48.8380765787408","48.3402566113059","47.8835797733247","47.4346954627205","46.9866029771428","46.5367001608419","46.0820124199885","45.6269973791094",
"Samoa","WSM","Rural population (% of total population)","SP.RUR.TOTL.ZS","78.8","78.8","78.742","78.653","78.564","78.474","78.384","78.295","78.204","78.114","78.023","77.932","78.059","78.302","78.543","78.782","79.019","79.25","79.476","79.7","79.922","80.143","80.376","80.615","80.851","81.086","81.319",
"Kosovo","XKX","Rural population (% of total population)","SP.RUR.TOTL.ZS","","","","","","","","","","","","","","","","","","","","","","","","","","","",
"Yemen, Rep.","YEM","Rural population (% of total population)","SP.RUR.TOTL.ZS","79.069","78.511","77.942","77.364","76.775","76.24","75.751","75.257","74.756","74.248","73.733","73.213","72.685","72.151","71.61","71.064","70.51","69.949","69.381","68.806","68.224","67.636","67.042","66.441","65.835","65.223","64.606",
"South Africa","ZAF","Rural population (% of total population)","SP.RUR.TOTL.ZS","47.963","47.446","46.962","46.479","45.996","45.514","45.033","44.551","44.07","43.589","43.109","42.632","42.102","41.554","41.007","40.464","39.923","39.384","38.846","38.313","37.782","37.254","36.728","36.207","35.688","35.172","34.659",
"Zambia","ZMB","Rural population (% of total population)","SP.RUR.TOTL.ZS","60.593","61.011","61.486","61.958","62.428","62.896","63.362","63.824","64.284","64.742","65.198","64.998","64.525","64.049","63.57","63.089","62.605","62.119","61.629","61.139","60.645","60.149","59.646","59.135","58.618","58.093","57.562",
"Zimbabwe","ZWE","Rural population (% of total population)","SP.RUR.TOTL.ZS","71.012","70.262","69.501","69.06","68.665","68.268","67.868","67.466","67.061","66.653","66.242","65.83","65.415","65.521","65.706","65.89","66.074","66.257","66.44","66.622","66.804","66.985","67.166","67.346","67.496","67.615","67.704",
